[
  {
    "id": "a9d16d3e-ea80-4f64-8bd2-d240e641c8e8",
    "data": [
      {
        "text": "我想知道",
        "userDefined": false
      },
      {
        "text": "蘭博",
        "alias": "place",
        "meta": "@place",
        "userDefined": false
      },
      {
        "text": "之後會有什麼活動？",
        "userDefined": false
      }
    ],
    "isTemplate": false,
    "count": 0,
    "updated": 0
  },
  {
    "id": "50015339-1810-4dde-8010-a999db7bc3e4",
    "data": [
      {
        "text": "蘭陽博物館",
        "alias": "place",
        "meta": "@place",
        "userDefined": false
      },
      {
        "text": "未來的活動",
        "userDefined": false
      }
    ],
    "isTemplate": false,
    "count": 0,
    "updated": 0
  },
  {
    "id": "7255fc90-d04e-4507-b006-8835fc22b498",
    "data": [
      {
        "text": "有什麼活動？",
        "userDefined": false
      }
    ],
    "isTemplate": false,
    "count": 0,
    "updated": 0
  },
  {
    "id": "ebc2610e-dc40-48a8-a863-b6464f6dfe66",
    "data": [
      {
        "text": "推薦我最近",
        "userDefined": false
      },
      {
        "text": "博物館",
        "alias": "place",
        "meta": "@place",
        "userDefined": false
      },
      {
        "text": "的活動",
        "userDefined": false
      }
    ],
    "isTemplate": false,
    "count": 0,
    "updated": 0
  },
  {
    "id": "a6b793e7-f6d9-415f-a88b-d42a453dec78",
    "data": [
      {
        "text": "蘭陽博物館",
        "alias": "place",
        "meta": "@place",
        "userDefined": false
      },
      {
        "text": "最近有什麼活動嗎？",
        "userDefined": false
      }
    ],
    "isTemplate": false,
    "count": 0,
    "updated": 0
  }
]