[
  {
    "id": "bc90da39-5bce-43e9-96e6-ed420949616b",
    "data": [
      {
        "text": "蘭陽博物館",
        "alias": "place",
        "meta": "@place",
        "userDefined": false
      },
      {
        "text": "在哪裡？",
        "userDefined": false
      }
    ],
    "isTemplate": false,
    "count": 1,
    "updated": 0
  },
  {
    "id": "bb0ea3e0-8105-4897-94ff-cd6b8619bc45",
    "data": [
      {
        "text": "我想知道",
        "userDefined": false
      },
      {
        "text": "蘭陽博物館",
        "alias": "place",
        "meta": "@place",
        "userDefined": false
      },
      {
        "text": "的位置資訊",
        "userDefined": false
      }
    ],
    "isTemplate": false,
    "count": 2,
    "updated": 0
  },
  {
    "id": "15f3132e-b6ea-460c-859f-ddcd438e2641",
    "data": [
      {
        "text": "蘭陽博物館",
        "alias": "place",
        "meta": "@place",
        "userDefined": false
      },
      {
        "text": "的位置在哪裡",
        "userDefined": false
      }
    ],
    "isTemplate": false,
    "count": 0,
    "updated": 0
  },
  {
    "id": "4ff8727c-3b7d-47be-94ff-bc4ec06d0b20",
    "data": [
      {
        "text": "蘭陽博物館",
        "alias": "place",
        "meta": "@place",
        "userDefined": false
      },
      {
        "text": "的地址是",
        "userDefined": false
      }
    ],
    "isTemplate": false,
    "count": 0,
    "updated": 0
  }
]