[
  {
    "id": "cb30615f-b336-49f8-a8f6-858c1e40343e",
    "data": [
      {
        "text": "我去",
        "userDefined": false
      },
      {
        "text": "蘭陽博物館",
        "alias": "place",
        "meta": "@place",
        "userDefined": false
      },
      {
        "text": "看什麼",
        "userDefined": false
      }
    ],
    "isTemplate": false,
    "count": 1,
    "updated": 0
  },
  {
    "id": "7096a764-b72e-41a3-a275-fb9a0756d06c",
    "data": [
      {
        "text": "我去",
        "userDefined": false
      },
      {
        "text": "蘭陽博物館",
        "alias": "place",
        "meta": "@place",
        "userDefined": false
      },
      {
        "text": "可以看什麼",
        "userDefined": false
      }
    ],
    "isTemplate": false,
    "count": 1,
    "updated": 0
  },
  {
    "id": "ca03a686-247e-4ce8-b8ac-176e8c7c99e6",
    "data": [
      {
        "text": "博物館",
        "alias": "place",
        "meta": "@place",
        "userDefined": false
      },
      {
        "text": "展出的內容",
        "userDefined": false
      }
    ],
    "isTemplate": false,
    "count": 0,
    "updated": 0
  },
  {
    "id": "ca075529-bc6c-4a73-b6e3-e9631b764337",
    "data": [
      {
        "text": "到",
        "userDefined": false
      },
      {
        "text": "蘭陽博物館",
        "alias": "place",
        "meta": "@place",
        "userDefined": false
      },
      {
        "text": "可以參觀的內容",
        "userDefined": false
      }
    ],
    "isTemplate": false,
    "count": 0,
    "updated": 0
  },
  {
    "id": "078ea9a5-9837-4624-a773-b6fc2764433f",
    "data": [
      {
        "text": "博物館",
        "alias": "place",
        "meta": "@place",
        "userDefined": false
      },
      {
        "text": "的展品",
        "userDefined": false
      }
    ],
    "isTemplate": false,
    "count": 0,
    "updated": 0
  },
  {
    "id": "3ec71de3-0dbb-4c6f-9add-a827e98694cb",
    "data": [
      {
        "text": "蘭陽博物館",
        "alias": "place",
        "meta": "@place",
        "userDefined": false
      },
      {
        "text": "的展覽內容",
        "userDefined": false
      }
    ],
    "isTemplate": false,
    "count": 0,
    "updated": 0
  },
  {
    "id": "10c3c637-2c2e-443e-a797-fc8f27e43b05",
    "data": [
      {
        "text": "到",
        "userDefined": false
      },
      {
        "text": "蘭陽博物館",
        "alias": "place",
        "meta": "@place",
        "userDefined": false
      },
      {
        "text": "可以看什麼",
        "userDefined": false
      }
    ],
    "isTemplate": false,
    "count": 0,
    "updated": 0
  }
]