[
  {
    "id": "76e37419-ec0a-42e2-bdc8-62b6def6795f",
    "data": [
      {
        "text": "你好",
        "userDefined": false
      }
    ],
    "isTemplate": false,
    "count": 0,
    "updated": 0
  },
  {
    "id": "443c60a2-b78e-463a-a2d9-12416a5ec354",
    "data": [
      {
        "text": "喂",
        "userDefined": false
      }
    ],
    "isTemplate": false,
    "count": 0,
    "updated": 0
  },
  {
    "id": "ee5d3bdf-7c87-454d-9bcd-4c3c69b586c0",
    "data": [
      {
        "text": "嗨",
        "userDefined": false
      }
    ],
    "isTemplate": false,
    "count": 0,
    "updated": 0
  },
  {
    "id": "a68a379c-4a96-4e2a-98be-7680e19e221e",
    "data": [
      {
        "text": "哈啰",
        "userDefined": false
      }
    ],
    "isTemplate": false,
    "count": 0,
    "updated": 0
  },
  {
    "id": "59ac3b08-60d2-47a1-b50a-0cfb1cd810e0",
    "data": [
      {
        "text": "嘿",
        "userDefined": false
      }
    ],
    "isTemplate": false,
    "count": 0,
    "updated": 0
  },
  {
    "id": "f0c2bd44-a329-466a-9ff4-a8f875cb2680",
    "data": [
      {
        "text": "嗨 你好",
        "userDefined": false
      }
    ],
    "isTemplate": false,
    "count": 0,
    "updated": 0
  },
  {
    "id": "4da5444f-9dd3-4abe-b68c-780558c1e95f",
    "data": [
      {
        "text": "嗨寶貝",
        "userDefined": false
      }
    ],
    "isTemplate": false,
    "count": 0,
    "updated": 0
  },
  {
    "id": "f6657cf2-59ff-4da2-9d6d-6b96f1977665",
    "data": [
      {
        "text": "嗨蜜糖",
        "userDefined": false
      }
    ],
    "isTemplate": false,
    "count": 0,
    "updated": 0
  },
  {
    "id": "f4a412ca-22c6-4804-a2c5-a40fc7f10285",
    "data": [
      {
        "text": "嗨美女",
        "userDefined": false
      }
    ],
    "isTemplate": false,
    "count": 0,
    "updated": 0
  },
  {
    "id": "123b4061-d367-4576-9884-95b7b094a3da",
    "data": [
      {
        "text": "嗨甜心",
        "userDefined": false
      }
    ],
    "isTemplate": false,
    "count": 0,
    "updated": 0
  },
  {
    "id": "f7a40f46-437c-4bb9-ba24-2f9d4b3f479e",
    "data": [
      {
        "text": "嗨飛飛",
        "userDefined": false
      }
    ],
    "isTemplate": false,
    "count": 0,
    "updated": 0
  },
  {
    "id": "32f1a66b-4f0a-4fa9-a69c-2e2f84181029",
    "data": [
      {
        "text": "嗨老婆",
        "userDefined": false
      }
    ],
    "isTemplate": false,
    "count": 0,
    "updated": 0
  },
  {
    "id": "a2134d46-495d-4eac-b6eb-1a402badb87e",
    "data": [
      {
        "text": "嗨愛人",
        "userDefined": false
      }
    ],
    "isTemplate": false,
    "count": 0,
    "updated": 0
  },
  {
    "id": "191b090d-0497-4aab-affe-8805173c9e62",
    "data": [
      {
        "text": "嗨可愛的",
        "userDefined": false
      }
    ],
    "isTemplate": false,
    "count": 0,
    "updated": 0
  },
  {
    "id": "8bf7a01c-5917-4620-9496-90f249f13da5",
    "data": [
      {
        "text": "嗨 親愛的",
        "userDefined": false
      }
    ],
    "isTemplate": false,
    "count": 0,
    "updated": 0
  },
  {
    "id": "b954b953-a15b-457b-a538-ee56d4df00e6",
    "data": [
      {
        "text": "嗨你好朋友",
        "userDefined": false
      }
    ],
    "isTemplate": false,
    "count": 0,
    "updated": 0
  },
  {
    "id": "c5849dc9-a1ee-43c5-89b8-7ba7b0a63344",
    "data": [
      {
        "text": "哈啰老婆",
        "userDefined": false
      }
    ],
    "isTemplate": false,
    "count": 0,
    "updated": 0
  },
  {
    "id": "917c54fc-6046-4847-bd26-c75f65ae8476",
    "data": [
      {
        "text": "哈啰飛飛",
        "userDefined": false
      }
    ],
    "isTemplate": false,
    "count": 0,
    "updated": 0
  },
  {
    "id": "d66823b1-d0d0-4232-bed3-40f3f2165e39",
    "data": [
      {
        "text": "哈啰寶貝",
        "userDefined": false
      }
    ],
    "isTemplate": false,
    "count": 0,
    "updated": 0
  },
  {
    "id": "21e32d0d-cb69-4505-b3b7-fa03e0d306ba",
    "data": [
      {
        "text": "哈啰美女",
        "userDefined": false
      }
    ],
    "isTemplate": false,
    "count": 0,
    "updated": 0
  },
  {
    "id": "43b4da6e-3eb0-4314-aaeb-78de2b169393",
    "data": [
      {
        "text": "哈啰甜心",
        "userDefined": false
      }
    ],
    "isTemplate": false,
    "count": 0,
    "updated": 0
  },
  {
    "id": "865bcb59-85b8-475f-8ee8-f48a1e5950de",
    "data": [
      {
        "text": "哈啰朋友",
        "userDefined": false
      }
    ],
    "isTemplate": false,
    "count": 0,
    "updated": 0
  },
  {
    "id": "37d720f1-e30e-4efc-af1c-892e780e6949",
    "data": [
      {
        "text": "哈啰你好",
        "userDefined": false
      }
    ],
    "isTemplate": false,
    "count": 0,
    "updated": 0
  },
  {
    "id": "b9e3650f-df91-418a-a0b0-c82e3d68180f",
    "data": [
      {
        "text": "哈啰我親愛的",
        "userDefined": false
      }
    ],
    "isTemplate": false,
    "count": 0,
    "updated": 0
  },
  {
    "id": "d53b43d9-b4fa-4083-967e-b5841149c810",
    "data": [
      {
        "text": "嘿 你好",
        "userDefined": false
      }
    ],
    "isTemplate": false,
    "count": 0,
    "updated": 0
  },
  {
    "id": "f49b22a2-650d-4b61-b9b8-93660f0baa46",
    "data": [
      {
        "text": "嘿老婆",
        "userDefined": false
      }
    ],
    "isTemplate": false,
    "count": 0,
    "updated": 0
  },
  {
    "id": "3cb0f58c-3864-427b-b055-70e29b9876ac",
    "data": [
      {
        "text": "嘿飛飛",
        "userDefined": false
      }
    ],
    "isTemplate": false,
    "count": 0,
    "updated": 0
  },
  {
    "id": "7f6106d0-d8cd-46d7-b08d-0658ffa61e87",
    "data": [
      {
        "text": "嘿美女",
        "userDefined": false
      }
    ],
    "isTemplate": false,
    "count": 0,
    "updated": 0
  },
  {
    "id": "414faf72-44ed-43b0-bcca-60bbeaf1ab7c",
    "data": [
      {
        "text": "嘿夥伴",
        "userDefined": false
      }
    ],
    "isTemplate": false,
    "count": 0,
    "updated": 0
  },
  {
    "id": "e1629edb-f06f-4e8f-8725-907faefe1725",
    "data": [
      {
        "text": "嘿女孩",
        "userDefined": false
      }
    ],
    "isTemplate": false,
    "count": 0,
    "updated": 0
  },
  {
    "id": "ee9f311e-30f1-44c0-ab53-c6a01b402369",
    "data": [
      {
        "text": "嘿助手",
        "userDefined": false
      }
    ],
    "isTemplate": false,
    "count": 0,
    "updated": 0
  },
  {
    "id": "97c37b16-8942-4320-ade4-5efa80f02037",
    "data": [
      {
        "text": "嘿可愛的",
        "userDefined": false
      }
    ],
    "isTemplate": false,
    "count": 0,
    "updated": 0
  },
  {
    "id": "91f66101-5ed2-4f07-a134-c7483a7f586d",
    "data": [
      {
        "text": "只想給你打個招呼",
        "userDefined": false
      }
    ],
    "isTemplate": false,
    "count": 0,
    "updated": 0
  },
  {
    "id": "19b98bfc-341a-46ad-97cd-196df69e0fbd",
    "data": [
      {
        "text": "美好的一天對吧",
        "userDefined": false
      }
    ],
    "isTemplate": false,
    "count": 0,
    "updated": 0
  },
  {
    "id": "19bd7406-21d2-4e67-8fe6-2796011fbd5c",
    "data": [
      {
        "text": "再一次問好",
        "userDefined": false
      }
    ],
    "isTemplate": false,
    "count": 0,
    "updated": 0
  },
  {
    "id": "1de28171-c07b-4e2b-8c5a-a7f157025d61",
    "data": [
      {
        "text": "好久不見",
        "userDefined": false
      }
    ],
    "isTemplate": false,
    "count": 0,
    "updated": 0
  },
  {
    "id": "1cff90d4-0e33-412c-ae9e-d3b0d5b2d55b",
    "data": [
      {
        "text": "哈喽",
        "userDefined": false
      }
    ],
    "isTemplate": false,
    "count": 0,
    "updated": 0
  },
  {
    "id": "a4c136f4-728a-4760-b840-c2f70f8af3bf",
    "data": [
      {
        "text": "你好啊",
        "userDefined": false
      }
    ],
    "isTemplate": false,
    "count": 0,
    "updated": 0
  },
  {
    "id": "eeb91ee4-358a-48dc-a7a1-cd1d350e658c",
    "data": [
      {
        "text": "嘿嘿",
        "userDefined": false
      }
    ],
    "isTemplate": false,
    "count": 0,
    "updated": 0
  }
]