[
  {
    "id": "70cd4cbb-1c4a-44a6-be0a-4cebc1dc4a21",
    "data": [
      {
        "text": "推薦我",
        "userDefined": false
      },
      {
        "text": "素食",
        "alias": "food_type",
        "meta": "@food_type",
        "userDefined": false
      },
      {
        "text": "店",
        "userDefined": false
      }
    ],
    "isTemplate": false,
    "count": 1,
    "updated": 0
  },
  {
    "id": "0acdf87a-00d2-42e6-80a6-338731e38be3",
    "data": [
      {
        "text": "周圍有什麼餐廳嗎？",
        "userDefined": false
      }
    ],
    "isTemplate": false,
    "count": 1,
    "updated": 0
  },
  {
    "id": "da192d5e-e877-4086-ab9e-58b02cfcb74a",
    "data": [
      {
        "text": "附近有什麼好吃的",
        "userDefined": false
      }
    ],
    "isTemplate": false,
    "count": 1,
    "updated": 0
  },
  {
    "id": "e8b8e362-aa2c-4c07-b499-50c357176755",
    "data": [
      {
        "text": "我想喝",
        "userDefined": false
      },
      {
        "text": "咖啡",
        "alias": "food_type",
        "meta": "@food_type",
        "userDefined": false
      }
    ],
    "isTemplate": false,
    "count": 1,
    "updated": 0
  },
  {
    "id": "12810201-64ed-4fba-ab91-b6130647fdcd",
    "data": [
      {
        "text": "我想吃大便",
        "userDefined": false
      }
    ],
    "isTemplate": false,
    "count": 1,
    "updated": 0
  },
  {
    "id": "ed420045-a32a-4480-ae97-df5ce44061d2",
    "data": [
      {
        "text": "我想吃",
        "userDefined": false
      },
      {
        "text": "海鮮",
        "alias": "food_type",
        "meta": "@food_type",
        "userDefined": false
      }
    ],
    "isTemplate": false,
    "count": 1,
    "updated": 0
  },
  {
    "id": "1147d41f-f9cd-4f9e-a580-4e67821950ad",
    "data": [
      {
        "text": "我想吃",
        "userDefined": false
      },
      {
        "text": "牛排",
        "alias": "food_type",
        "meta": "@food_type",
        "userDefined": false
      }
    ],
    "isTemplate": false,
    "count": 1,
    "updated": 0
  },
  {
    "id": "e524c8b5-f31d-43b9-b2a3-df2f35d1efa4",
    "data": [
      {
        "text": "推薦附件",
        "userDefined": false
      },
      {
        "text": "燒烤",
        "alias": "food_type",
        "meta": "@food_type",
        "userDefined": false
      },
      {
        "text": "店",
        "userDefined": false
      }
    ],
    "isTemplate": false,
    "count": 1,
    "updated": 0
  },
  {
    "id": "4f70a4aa-f61f-4632-a488-80bec3844379",
    "data": [
      {
        "text": "館內或是附近的用餐的地方",
        "userDefined": false
      }
    ],
    "isTemplate": false,
    "count": 0,
    "updated": 0
  },
  {
    "id": "294a4bbf-55c4-448e-8562-df359907faac",
    "data": [
      {
        "text": "哪裡可以喝",
        "userDefined": false
      },
      {
        "text": "咖啡",
        "alias": "food_type",
        "meta": "@food_type",
        "userDefined": false
      },
      {
        "text": "？",
        "userDefined": false
      }
    ],
    "isTemplate": false,
    "count": 0,
    "updated": 0
  },
  {
    "id": "a0bff32a-a15e-4f36-bf05-6a302213cb26",
    "data": [
      {
        "text": "最近的",
        "userDefined": false
      },
      {
        "text": "咖啡館",
        "alias": "food_type",
        "meta": "@food_type",
        "userDefined": false
      },
      {
        "text": "在哪裡？",
        "userDefined": false
      }
    ],
    "isTemplate": false,
    "count": 0,
    "updated": 0
  },
  {
    "id": "a263713f-4e0c-4e0d-8763-d8f05f2b5d6b",
    "data": [
      {
        "text": "周圍有",
        "userDefined": false
      },
      {
        "text": "素食",
        "alias": "food_type",
        "meta": "@food_type",
        "userDefined": false
      },
      {
        "text": "店嗎？",
        "userDefined": false
      }
    ],
    "isTemplate": false,
    "count": 0,
    "updated": 0
  },
  {
    "id": "56da6e25-e1ba-47b3-8547-ecbeca62aba4",
    "data": [
      {
        "text": "我想吃",
        "userDefined": false
      },
      {
        "text": "滷味",
        "alias": "food_type",
        "meta": "@food_type",
        "userDefined": false
      }
    ],
    "isTemplate": false,
    "count": 0,
    "updated": 0
  },
  {
    "id": "032d5499-2f7a-4dab-a78b-0740ae4e0afc",
    "data": [
      {
        "text": "周圍有什麼",
        "userDefined": false
      },
      {
        "text": "火鍋",
        "alias": "food_type",
        "meta": "@food_type",
        "userDefined": false
      },
      {
        "text": "店嗎",
        "userDefined": false
      }
    ],
    "isTemplate": false,
    "count": 0,
    "updated": 0
  },
  {
    "id": "bcea09de-0201-4ed6-aa6f-cfe5970acfa7",
    "data": [
      {
        "text": "周圍有什麼",
        "userDefined": false
      },
      {
        "text": "日料",
        "alias": "food_type",
        "meta": "@food_type",
        "userDefined": false
      },
      {
        "text": "店嗎",
        "userDefined": false
      }
    ],
    "isTemplate": false,
    "count": 0,
    "updated": 0
  },
  {
    "id": "5c8099d4-bed1-412f-8732-ed44cd22f6f8",
    "data": [
      {
        "text": "周圍有什麼食物？",
        "userDefined": false
      }
    ],
    "isTemplate": false,
    "count": 0,
    "updated": 0
  },
  {
    "id": "44f4acc3-3614-4590-b0ed-f8cf0319ad69",
    "data": [
      {
        "text": "附近有什麼美食",
        "userDefined": false
      }
    ],
    "isTemplate": false,
    "count": 0,
    "updated": 0
  },
  {
    "id": "299fc401-14e0-4cbd-a2e9-a30908c25daa",
    "data": [
      {
        "text": "推薦附近的食物",
        "userDefined": false
      }
    ],
    "isTemplate": false,
    "count": 0,
    "updated": 0
  },
  {
    "id": "c92e4ea1-03e6-4f1d-bcef-4e0b364c93a4",
    "data": [
      {
        "text": "附近有什麼吃的東西？",
        "userDefined": false
      }
    ],
    "isTemplate": false,
    "count": 0,
    "updated": 0
  },
  {
    "id": "bffcea5b-811e-4198-86b6-21969bf0c507",
    "data": [
      {
        "text": "館內有什麼吃的？",
        "userDefined": false
      }
    ],
    "isTemplate": false,
    "count": 0,
    "updated": 0
  },
  {
    "id": "afe0949e-cafe-45bc-8306-6faeacd2f022",
    "data": [
      {
        "text": "館內還有什麼食物可以吃？",
        "userDefined": false
      }
    ],
    "isTemplate": false,
    "count": 0,
    "updated": 0
  }
]