[
  {
    "id": "99a5f57c-3685-4656-9314-a55dde5a5f48",
    "data": [
      {
        "text": "哪裡有適合",
        "userDefined": false
      },
      {
        "text": "小朋友玩的地方",
        "alias": "infrastructure",
        "meta": "@infrastructure",
        "userDefined": true
      }
    ],
    "isTemplate": false,
    "count": 0,
    "updated": 0
  },
  {
    "id": "a0263693-6c99-4da7-8bf8-eb1b9badefa7",
    "data": [
      {
        "text": "兒童區",
        "alias": "infrastructure",
        "meta": "@infrastructure",
        "userDefined": false
      },
      {
        "text": "在哪裡？",
        "userDefined": false
      }
    ],
    "isTemplate": false,
    "count": 0,
    "updated": 0
  },
  {
    "id": "13441617-e058-423f-bc0e-40eb374799a5",
    "data": [
      {
        "text": "有",
        "userDefined": false
      },
      {
        "text": "兒童探索區",
        "alias": "infrastructure",
        "meta": "@infrastructure",
        "userDefined": false
      },
      {
        "text": "嗎？",
        "userDefined": false
      }
    ],
    "isTemplate": false,
    "count": 0,
    "updated": 0
  },
  {
    "id": "64594589-9663-468b-9ccc-03ecb3c43559",
    "data": [
      {
        "text": "這裡有",
        "userDefined": false
      },
      {
        "text": "兒童區",
        "alias": "infrastructure",
        "meta": "@infrastructure",
        "userDefined": false
      },
      {
        "text": "嗎？",
        "userDefined": false
      }
    ],
    "isTemplate": false,
    "count": 0,
    "updated": 0
  },
  {
    "id": "a4d12cf5-4448-4b58-8806-b87c0edca925",
    "data": [
      {
        "text": "哪裡有",
        "userDefined": false
      },
      {
        "text": "小朋友玩的地方",
        "alias": "infrastructure",
        "meta": "@infrastructure",
        "userDefined": true
      }
    ],
    "isTemplate": false,
    "count": 0,
    "updated": 0
  },
  {
    "id": "7007101e-ce0a-4200-940f-281c33b3d715",
    "data": [
      {
        "text": "哪裡有",
        "userDefined": false
      },
      {
        "text": "哺乳室",
        "alias": "infrastructure",
        "meta": "@infrastructure",
        "userDefined": false
      },
      {
        "text": "？",
        "userDefined": false
      }
    ],
    "isTemplate": false,
    "count": 0,
    "updated": 0
  },
  {
    "id": "d48887cd-6748-4f16-beb2-9e654114b9a7",
    "data": [
      {
        "text": "哪裡有",
        "userDefined": false
      },
      {
        "text": "廁所",
        "alias": "infrastructure",
        "meta": "@infrastructure",
        "userDefined": false
      }
    ],
    "isTemplate": false,
    "count": 0,
    "updated": 0
  },
  {
    "id": "09bcd78c-38dc-4510-b6d3-9343f561996e",
    "data": [
      {
        "text": "哺乳室",
        "alias": "infrastructure",
        "meta": "@infrastructure",
        "userDefined": false
      },
      {
        "text": "在哪裡？",
        "userDefined": false
      }
    ],
    "isTemplate": false,
    "count": 0,
    "updated": 0
  },
  {
    "id": "a586bfd4-66e3-4b99-98d0-9aacad678ce7",
    "data": [
      {
        "text": "餐廳",
        "alias": "infrastructure",
        "meta": "@infrastructure",
        "userDefined": false
      },
      {
        "text": "在哪裡？",
        "userDefined": false
      }
    ],
    "isTemplate": false,
    "count": 0,
    "updated": 0
  },
  {
    "id": "efc55f62-eb3b-4ef1-9230-79f9817d7796",
    "data": [
      {
        "text": "開啟",
        "userDefined": false
      },
      {
        "text": "導覽",
        "meta": "@sys.ignore",
        "userDefined": false
      }
    ],
    "isTemplate": false,
    "count": 0,
    "updated": 0
  },
  {
    "id": "a691a9c3-099f-418a-bdd6-66bff3be7e4c",
    "data": [
      {
        "text": "如何開啟手機",
        "userDefined": false
      },
      {
        "text": "導覽",
        "meta": "@sys.ignore",
        "userDefined": false
      },
      {
        "text": "？",
        "userDefined": false
      }
    ],
    "isTemplate": false,
    "count": 0,
    "updated": 0
  }
]