[
  {
    "id": "aa66cf1f-2b4e-4387-a26d-2242c49b112e",
    "data": [
      {
        "text": "有哪些問題可以問？",
        "userDefined": false
      }
    ],
    "isTemplate": false,
    "count": 0,
    "updated": 0
  },
  {
    "id": "c2697daa-34ae-4862-b430-734b39cb4d02",
    "data": [
      {
        "text": "我該怎麼問問題",
        "userDefined": false
      }
    ],
    "isTemplate": false,
    "count": 0,
    "updated": 0
  },
  {
    "id": "38651895-42cc-4ce7-a366-25af952a6b2b",
    "data": [
      {
        "text": "怎麼使用這款聊天機器人？",
        "userDefined": false
      }
    ],
    "isTemplate": false,
    "count": 0,
    "updated": 0
  },
  {
    "id": "3adc352c-8be3-49de-a149-7f1241e4160f",
    "data": [
      {
        "text": "我可以問什麼問題？",
        "userDefined": false
      }
    ],
    "isTemplate": false,
    "count": 0,
    "updated": 0
  },
  {
    "id": "7aeeb47b-1a13-45ce-8db4-ff10decb778c",
    "data": [
      {
        "text": "如何使用問答服務？",
        "userDefined": false
      }
    ],
    "isTemplate": false,
    "count": 0,
    "updated": 0
  },
  {
    "id": "d6db201c-12f9-4052-b2a8-0ea918a138cb",
    "data": [
      {
        "text": "我能問什麼問題？",
        "userDefined": false
      }
    ],
    "isTemplate": false,
    "count": 1,
    "updated": 0
  },
  {
    "id": "edaeb88a-3e39-4a55-9e81-399cdeea1ace",
    "data": [
      {
        "text": "我該怎麼問？",
        "userDefined": false
      }
    ],
    "isTemplate": false,
    "count": 0,
    "updated": 0
  }
]