[
  {
    "id": "ea743885-b11e-4693-b437-b3a0cfc24a81",
    "data": [
      {
        "text": "進入",
        "userDefined": false
      },
      {
        "text": "博物館",
        "alias": "place",
        "meta": "@place",
        "userDefined": false
      },
      {
        "text": "前，我需要注意什麼事情嗎",
        "userDefined": false
      }
    ],
    "isTemplate": false,
    "count": 0,
    "updated": 0
  },
  {
    "id": "5e8b74a6-9879-4aa0-9362-55422ddacbc7",
    "data": [
      {
        "text": "蘭陽博物館",
        "alias": "place",
        "meta": "@place",
        "userDefined": false
      },
      {
        "text": "中的注意事項",
        "userDefined": false
      }
    ],
    "isTemplate": false,
    "count": 0,
    "updated": 0
  },
  {
    "id": "fff32b05-c055-46f6-8c0a-06a13a0d030f",
    "data": [
      {
        "text": "進入",
        "userDefined": false
      },
      {
        "text": "博物館",
        "alias": "place",
        "meta": "@place",
        "userDefined": false
      },
      {
        "text": "需要注意什麼",
        "userDefined": false
      }
    ],
    "isTemplate": false,
    "count": 0,
    "updated": 0
  },
  {
    "id": "7abca0ca-1b58-4887-92c9-1798ddd36f61",
    "data": [
      {
        "text": "入館須知",
        "userDefined": false
      }
    ],
    "isTemplate": false,
    "count": 0,
    "updated": 0
  }
]