[
  {
    "id": "b532e3ee-1bb9-433b-9f4a-f90dd7de17be",
    "data": [
      {
        "text": "博物館",
        "alias": "place",
        "meta": "@place",
        "userDefined": false
      },
      {
        "text": "內紀念品店的營業時間",
        "userDefined": false
      }
    ],
    "isTemplate": false,
    "count": 0,
    "updated": 0
  },
  {
    "id": "365aaef9-d60c-41a2-8dc0-6b7c2f18e3c6",
    "data": [
      {
        "text": "紀念品店營業時間",
        "userDefined": false
      }
    ],
    "isTemplate": false,
    "count": 0,
    "updated": 0
  },
  {
    "id": "213a2226-adcc-407c-b03a-f1e4d537c627",
    "data": [
      {
        "text": "博物館",
        "alias": "place",
        "meta": "@place",
        "userDefined": false
      },
      {
        "text": "春節是否休息",
        "userDefined": false
      }
    ],
    "isTemplate": false,
    "count": 0,
    "updated": 0
  },
  {
    "id": "3d70f7e0-6691-42dc-8a94-63715b055bec",
    "data": [
      {
        "text": "春節是否休館",
        "userDefined": false
      }
    ],
    "isTemplate": false,
    "count": 0,
    "updated": 0
  },
  {
    "id": "97285835-fa87-4824-9139-d3937f65d656",
    "data": [
      {
        "text": "蘭陽博物館",
        "alias": "place",
        "meta": "@place",
        "userDefined": false
      },
      {
        "text": "正常營業時間",
        "userDefined": false
      }
    ],
    "isTemplate": false,
    "count": 0,
    "updated": 0
  },
  {
    "id": "a8d823df-29e5-4f45-a6f5-cbab7436e588",
    "data": [
      {
        "text": "蘭陽博物館",
        "alias": "place",
        "meta": "@place",
        "userDefined": false
      },
      {
        "text": "開到什麼時候",
        "userDefined": false
      }
    ],
    "isTemplate": false,
    "count": 0,
    "updated": 0
  },
  {
    "id": "0ba0c4b3-6856-4de1-8ee5-6d88ef70477f",
    "data": [
      {
        "text": "博物館",
        "alias": "place",
        "meta": "@place",
        "userDefined": false
      },
      {
        "text": "的正常開放時間",
        "userDefined": false
      }
    ],
    "isTemplate": false,
    "count": 0,
    "updated": 0
  },
  {
    "id": "0c7529d1-cf40-43a5-a296-6f60f25fabac",
    "data": [
      {
        "text": "博物館",
        "alias": "place",
        "meta": "@place",
        "userDefined": false
      },
      {
        "text": "什麼時候休息",
        "userDefined": false
      }
    ],
    "isTemplate": false,
    "count": 0,
    "updated": 0
  },
  {
    "id": "7df5293e-4c6e-4281-8f86-3e3a18d3e7fd",
    "data": [
      {
        "text": "博物館",
        "alias": "place",
        "meta": "@place",
        "userDefined": false
      },
      {
        "text": "的營業時間",
        "userDefined": false
      }
    ],
    "isTemplate": false,
    "count": 0,
    "updated": 0
  }
]