[
  {
    "id": "33031885-0090-413f-a14b-6f2e6c6b5e8e",
    "data": [
      {
        "text": "附件景點",
        "userDefined": false
      }
    ],
    "isTemplate": false,
    "count": 1,
    "updated": 0
  },
  {
    "id": "9d96fb7a-39ac-4651-a436-abd424845557",
    "data": [
      {
        "text": "推薦景點給我",
        "userDefined": false
      }
    ],
    "isTemplate": false,
    "count": 0,
    "updated": 0
  },
  {
    "id": "a85a7e7e-4fae-414b-9ab7-02e002a80ea2",
    "data": [
      {
        "text": "金車城堡館",
        "alias": "place",
        "meta": "@place",
        "userDefined": true
      },
      {
        "text": "怎麼去?",
        "userDefined": false
      }
    ],
    "isTemplate": false,
    "count": 1,
    "updated": 0
  },
  {
    "id": "b750e5da-ebf1-4ee3-ae1c-94f3e1cef821",
    "data": [
      {
        "text": "附件有啥景點",
        "userDefined": false
      }
    ],
    "isTemplate": false,
    "count": 0,
    "updated": 0
  },
  {
    "id": "6b00f10f-a000-4f08-85ba-6c6e0d1a226c",
    "data": [
      {
        "text": "推薦博物館附近",
        "userDefined": false
      },
      {
        "text": "景點",
        "alias": "place",
        "meta": "@place",
        "userDefined": true
      }
    ],
    "isTemplate": false,
    "count": 0,
    "updated": 0
  },
  {
    "id": "d13be93f-400b-424d-875e-0b0ca6e78bfd",
    "data": [
      {
        "text": "蘭陽博物館",
        "meta": "@sys.ignore",
        "userDefined": false
      },
      {
        "text": "附近",
        "userDefined": false
      },
      {
        "text": "景點",
        "alias": "place",
        "meta": "@place",
        "userDefined": true
      }
    ],
    "isTemplate": false,
    "count": 0,
    "updated": 0
  },
  {
    "id": "9323e02c-51d3-4105-b04a-b4fd71611809",
    "data": [
      {
        "text": "金車噶瑪蘭酒莊",
        "alias": "place",
        "meta": "@place",
        "userDefined": false
      },
      {
        "text": "怎麼去?",
        "userDefined": false
      }
    ],
    "isTemplate": false,
    "count": 0,
    "updated": 0
  },
  {
    "id": "55046897-b461-45d2-a8ba-25472c4ce8a9",
    "data": [
      {
        "text": "傳統藝術中心",
        "alias": "place",
        "meta": "@place",
        "userDefined": false
      },
      {
        "text": "怎麼走？",
        "userDefined": false
      }
    ],
    "isTemplate": false,
    "count": 0,
    "updated": 0
  },
  {
    "id": "85faf27b-d8ab-4ddd-9911-f9ea4aefbdda",
    "data": [
      {
        "text": "如何到",
        "userDefined": false
      },
      {
        "text": "傳統藝術中心",
        "alias": "place",
        "meta": "@place",
        "userDefined": true
      }
    ],
    "isTemplate": false,
    "count": 1,
    "updated": 0
  },
  {
    "id": "cc32e601-ded0-4a00-836b-02ce77fa6172",
    "data": [
      {
        "text": "附近好玩的地方",
        "userDefined": false
      }
    ],
    "isTemplate": false,
    "count": 0,
    "updated": 0
  },
  {
    "id": "e13174e2-0152-4c71-ac5e-b38f550d66c5",
    "data": [
      {
        "text": "推薦附近的景點給我",
        "userDefined": false
      }
    ],
    "isTemplate": false,
    "count": 0,
    "updated": 0
  },
  {
    "id": "cbe91c95-5cda-4c2c-b9eb-ee8c111666ab",
    "data": [
      {
        "text": "周圍有什麼好玩的",
        "userDefined": false
      },
      {
        "text": "景點",
        "alias": "place",
        "meta": "@place",
        "userDefined": true
      },
      {
        "text": "？",
        "userDefined": false
      }
    ],
    "isTemplate": false,
    "count": 0,
    "updated": 0
  },
  {
    "id": "b45613a6-5869-4ffe-8046-3f0cae7ca971",
    "data": [
      {
        "text": "周圍有什麼",
        "userDefined": false
      },
      {
        "text": "景點",
        "alias": "place",
        "meta": "@place",
        "userDefined": true
      },
      {
        "text": "？",
        "userDefined": false
      }
    ],
    "isTemplate": false,
    "count": 0,
    "updated": 0
  }
]