[
  {
    "value": "吃到飽",
    "synonyms": [
      "吃到飽"
    ]
  },
  {
    "value": "咖啡館",
    "synonyms": [
      "咖啡",
      "咖啡館"
    ]
  },
  {
    "value": "拉麵",
    "synonyms": [
      "拉麵",
      "日式拉麵",
      "日本拉麵"
    ]
  },
  {
    "value": "日本料理",
    "synonyms": [
      "日式料理",
      "日料",
      "日本料理"
    ]
  },
  {
    "value": "早午餐",
    "synonyms": [
      "早午餐",
      "早餐"
    ]
  },
  {
    "value": "海鮮",
    "synonyms": [
      "海鮮",
      "海鮮大餐"
    ]
  },
  {
    "value": "滷味",
    "synonyms": [
      "滷味"
    ]
  },
  {
    "value": "火鍋",
    "synonyms": [
      "涮涮鍋",
      "火鍋",
      "鍋物"
    ]
  },
  {
    "value": "燒烤店",
    "synonyms": [
      "燒烤",
      "燒烤店"
    ]
  },
  {
    "value": "牛排",
    "synonyms": [
      "牛排"
    ]
  },
  {
    "value": "素食",
    "synonyms": [
      "素",
      "素食"
    ]
  },
  {
    "value": "鐵板燒",
    "synonyms": [
      "鐵板燒"
    ]
  }
]