[
  {
    "value": "停車場",
    "synonyms": [
      "停車",
      "停車場",
      "地下停車場",
      "室內停車場"
    ]
  },
  {
    "value": "兒童區",
    "synonyms": [
      "兒童區",
      "兒童探索區",
      "小朋友玩的地方"
    ]
  },
  {
    "value": "哺乳區",
    "synonyms": [
      "哺乳區",
      "哺乳室",
      "給小朋友餵奶的地方"
    ]
  },
  {
    "value": "娃娃車",
    "synonyms": [
      "娃娃車"
    ]
  },
  {
    "value": "廁所",
    "synonyms": [
      "廁所",
      "洗手間",
      "衛生間"
    ]
  },
  {
    "value": "語音導覽",
    "synonyms": [
      "導覽",
      "語音",
      "語音導覽"
    ]
  },
  {
    "value": "輪椅車",
    "synonyms": [
      "輪椅",
      "輪椅車"
    ]
  },
  {
    "value": "餐廳",
    "synonyms": [
      "吃午餐的地方",
      "吃飯的地方",
      "飲食區",
      "餐廳"
    ]
  }
]