[
  {
    "value": "傳統藝術中心",
    "synonyms": [
      "傳統藝術中心",
      "傳藝中心"
    ]
  },
  {
    "value": "南方澳",
    "synonyms": [
      "南方澳"
    ]
  },
  {
    "value": "台北",
    "synonyms": [
      "台北",
      "台北市",
      "台北市區"
    ]
  },
  {
    "value": "國道",
    "synonyms": [
      "國道"
    ]
  },
  {
    "value": "圓山",
    "synonyms": [
      "圓山",
      "圓山鄉"
    ]
  },
  {
    "value": "外澳",
    "synonyms": [
      "外澳"
    ]
  },
  {
    "value": "宜蘭",
    "synonyms": [
      "宜蘭",
      "宜蘭市"
    ]
  },
  {
    "value": "礁溪",
    "synonyms": [
      "礁溪",
      "礁溪鄉"
    ]
  },
  {
    "value": "羅東",
    "synonyms": [
      "羅東",
      "羅東鎮"
    ]
  },
  {
    "value": "蘭陽博物館",
    "synonyms": [
      "博物館",
      "蘭博",
      "蘭陽博物館"
    ]
  },
  {
    "value": "金車噶瑪蘭酒莊",
    "synonyms": [
      "噶瑪蘭酒廠",
      "噶瑪蘭酒莊",
      "葛瑪蘭酒廠",
      "金車噶瑪蘭酒莊",
      "金車酒廠"
    ]
  },
  {
    "value": "金車城堡館",
    "synonyms": [
      "金車城堡館",
      "頭城金車城堡咖啡館"
    ]
  },
  {
    "value": "頭城火車站",
    "synonyms": [
      "頭城",
      "頭城火車站",
      "頭城車站"
    ]
  }
]