[
  {
    "value": "假日敬老票",
    "synonyms": [
      "假日敬老票",
      "敬老票",
      "老人票"
    ]
  },
  {
    "value": "全票",
    "synonyms": [
      "全票"
    ]
  },
  {
    "value": "團體票",
    "synonyms": [
      "團體",
      "團體票"
    ]
  },
  {
    "value": "學生團體票",
    "synonyms": [
      "學生團體",
      "學生團體票"
    ]
  },
  {
    "value": "學生票",
    "synonyms": [
      "學生",
      "學生票"
    ]
  },
  {
    "value": "宜蘭縣民票",
    "synonyms": [
      "宜蘭縣民",
      "宜蘭縣民票"
    ]
  }
]