[
  {
    "value": "殘疾人服務鈴",
    "synonyms": [
      "殘疾人服務鈴",
      "無障礙服務",
      "無障礙服務鈴"
    ]
  },
  {
    "value": "無障礙停車格",
    "synonyms": [
      "殘疾人停車位",
      "殘疾人停車格",
      "無障礙停車位",
      "無障礙停車格"
    ]
  },
  {
    "value": "無障礙坡道",
    "synonyms": [
      "殘疾人坡道",
      "殘疾人道路",
      "無障礙坡道",
      "無障礙道路"
    ]
  },
  {
    "value": "無障礙廁所",
    "synonyms": [
      "殘疾人廁所",
      "殘疾人洗手間",
      "殘疾人衛生間",
      "無障礙廁所",
      "無障礙洗手間",
      "無障礙衛生間"
    ]
  },
  {
    "value": "無障礙電梯",
    "synonyms": [
      "殘疾人電梯",
      "無障礙電梯"
    ]
  }
]